,American,Indian,European,Japanese
Bacteroides_helcogenes<-->Bacteroides_stercoris,0.0636459053862229,,0.0890369717023862,
Bacteroides_plebeius<-->Bacteroides_stercoris,0.0402894593238767,,,
Bacteroides_faecichinchillae<-->Bacteroides_stercoris,0.0301790444804406,,,
Bacteroides_stercoris<-->Mediterranea_massiliensis,0.0303198230423935,,,
Coprococcus_comes<-->Ruminococcus_faecis,0.0396132638907425,0.0988867671585491,0.078133015131025,0.040383222627312004
Coprococcus_comes<-->Eubacterium_ramulus,0.0886380107819353,0.0854415344541297,,0.0822527480376835
Blautia_obeum<-->Coprococcus_comes,0.0198996903043505,0.0598322350634027,0.129675651168967,
Bacteroides_salanitronis<-->Faecalicoccus_pleomorphus,-0.0365622422443059,,,
Coprobacter_secundus<-->Faecalicoccus_pleomorphus,-0.0278258045569617,,,
Bacteroides_pyogenes<-->Faecalicoccus_pleomorphus,-0.021290153307545,,,
Bacteroides_faecichinchillae<-->Faecalicoccus_pleomorphus,-0.0306217506297577,,,
Bittarella_massiliensis<-->Provencibacterium_massiliense,0.044317560731108,,,
Agathobaculum_desmolans<-->Clostridium_bolteae,0.14122248734575302,,0.0558699878187789,0.0568098937980881
Blautia_hansenii<-->Clostridium_bolteae,0.0698301727076286,,0.0417289064787036,
Clostridium_bolteae<-->Flavonifractor_plautii,0.0511651146032813,,,0.12102915133398101
Anaerotruncus_colihominis<-->Clostridium_bolteae,0.038125948375985,,,
Clostridium_bolteae<-->Lachnospiraceae_bacterium_Choco86,0.0992930158044039,,,
Clostridium_bolteae<-->Tyzzerella_nexilis,0.0543337658382477,,,
Clostridium_bolteae<-->Clostridium_glycyrrhizinilyticum,0.134659412143751,,0.0693674309876415,
Bacteroides_uniformis<-->Bacteroides_vulgatus,0.102010589907047,0.0992191585694212,0.107494801057879,
Bacteroides_heparinolyticus<-->Bacteroides_uniformis,0.0503594635415226,,,
Bacteroides_thetaiotaomicron<-->Bacteroides_uniformis,0.0710490990813359,0.10876751074885001,0.0439283488432217,
Bacteroides_uniformis<-->Odoribacter_splanchnicus,0.0622456792324011,,,
Bacteroides_ovatus<-->Bacteroides_uniformis,0.0446769888596433,0.036986840256381,,
Gemmiger_formicilis<-->Subdoligranulum_variabile,0.12846298027105302,0.156105517873435,0.134607267965736,0.21467208159961
Ruminococcus_bromii<-->Ruminococcus_champanellensis,0.0718833078733117,,,
Bifidobacterium_adolescentis<-->Bifidobacterium_catenulatum,0.0433431386673431,,0.11638267632093399,0.0747804424157346
Anaerobutyricum_hallii<-->Anaerostipes_hadrus,0.18912902238074303,0.23965919282446102,0.127563446818365,
Anaerostipes_hadrus<-->Roseburia_intestinalis,0.0689091616645003,,,
Anaerotruncus_colihominis<-->Fournierella_massiliensis,0.0519816737076109,,,
Fournierella_massiliensis<-->Pseudoflavonifractor_capillosus,0.14172411456384698,,0.16192025266184498,
Fournierella_massiliensis<-->Tyzzerella_nexilis,0.0329674898858563,,,
Clostridiales_bacterium_CCNA10<-->Fournierella_massiliensis,0.0301501306478177,,,
Angelakisella_massiliensis<-->Fournierella_massiliensis,0.16686013508633898,,0.0722611477690806,
Alistipes_shahii<-->Alistipes_timonensis,0.0749604219780394,,,0.0340613616653963
Alistipes_megaguti<-->Alistipes_timonensis,0.156709735004855,,,
Alistipes_senegalensis<-->Alistipes_timonensis,0.0699918837119417,,0.12104328483027199,0.0797928316109317
Bacteroides_plebeius<-->Eubacterium_ramulus,0.0314227812382825,,,
Anaerotruncus_colihominis<-->Eubacterium_ramulus,0.0425599079251469,,,
Eubacterium_ramulus<-->Ruminococcus_gnavus,0.105211438651747,,,0.0302762357713721
Eubacterium_ramulus<-->Pseudoflavonifractor_capillosus,0.0254300415685333,0.0449721321139165,,
Bacteroides_faecichinchillae<-->Eubacterium_ramulus,0.0287880618511939,,0.0363086677544854,
Eubacterium_ramulus<-->Tyzzerella_nexilis,0.0673442716724436,0.0746562742717138,,0.071702771253881
Blautia_obeum<-->Eubacterium_ramulus,0.0800539202982409,0.0417400445324974,,
Bacteroides_cellulosilyticus<-->Parabacteroides_distasonis,0.0942662070092379,,,
Ruminococcus_callidus<-->Tyzzerella_nexilis,-0.0513470812808106,,,
Anaerotruncus_colihominis<-->Bacteroides_helcogenes,0.0482031230396191,,,
Anaerotruncus_colihominis<-->Clostridium_phoceensis,0.0772290462476434,,0.12668215273983902,0.0479761409746197
Anaerotruncus_colihominis<-->Flavonifractor_plautii,0.0591728078545987,,,0.0220101933733782
Anaerotruncus_colihominis<-->Bacteroides_fragilis,0.0484710123931818,,,
Anaerotruncus_colihominis<-->Pseudoflavonifractor_capillosus,0.0947436135050706,,,
Anaerotruncus_colihominis<-->Clostridiales_bacterium_CCNA10,0.0564503958872529,,0.0483525566337259,
Anaerotruncus_colihominis<-->Angelakisella_massiliensis,0.0888331102900414,,0.052654624457842,0.243024098098582
Anaerotruncus_colihominis<-->Oscillibacter_sp_PEA192,0.0728001094136078,,0.0370244651346452,
Bacteroides_plebeius<-->Ruminococcus_faecis,0.0510935308873878,,,
Parabacteroides_sp_CT06<-->Ruminococcus_faecis,0.0366211664143365,,,
Bacteroides_salyersiae<-->Ruminococcus_faecis,0.0246419709075185,,,
Blautia_obeum<-->Ruminococcus_faecis,0.0764982683053064,0.052525198905921,0.0570881364845402,
Intestinimonas_butyriciproducens<-->Subdoligranulum_variabile,0.202368416731743,,,
Eubacterium_ventriosum<-->Subdoligranulum_variabile,0.0904457343011452,,,
Bacteroides_helcogenes<-->Flavonifractor_plautii,0.0242746504973684,,,
Clostridium_phoceensis<-->Flavonifractor_plautii,0.0338398988001552,,0.0716139253335455,
Agathobaculum_desmolans<-->Flavonifractor_plautii,0.0480527707432707,,,
Bacteroides_caecimuris<-->Flavonifractor_plautii,0.0289182604391366,,,
Eubacterium_coprostanoligenes<-->Flavonifractor_plautii,-0.0383665515185024,,,
Flavonifractor_plautii<-->Parabacteroides_sp_CT06,0.0379729626750759,0.0880314548390808,,
Flavonifractor_plautii<-->Ruminococcus_gnavus,0.11127224002538501,,,
Bacteroides_fragilis<-->Flavonifractor_plautii,0.0562314761928675,,,
Bacteroides_fluxus<-->Flavonifractor_plautii,0.0541760727473287,,,
Flavonifractor_plautii<-->Pseudoflavonifractor_capillosus,0.034623408505031,,,
Flavonifractor_plautii<-->Tyzzerella_nexilis,0.0625040654904142,,,
Clostridiales_bacterium_CCNA10<-->Flavonifractor_plautii,0.0766163951384286,,,
Clostridium_glycyrrhizinilyticum<-->Flavonifractor_plautii,0.0260259471700392,,,
Blautia_obeum<-->Flavonifractor_plautii,0.0425849385528544,,,
Flavonifractor_plautii<-->Oscillibacter_sp_PEA192,0.11791159054672198,,0.125193302894755,0.106385701776354
Agathobaculum_desmolans<-->Lachnospiraceae_bacterium_Choco86,0.13928911901356,,0.0460057513251341,
Lachnospiraceae_bacterium_Choco86<-->Tyzzerella_nexilis,0.0463460768137775,0.0923179057721059,,0.110215975554894
Clostridium_glycyrrhizinilyticum<-->Lachnospiraceae_bacterium_Choco86,0.14632027156736302,0.03770454913483701,0.0330752191727824,0.0824173741075189
Prevotella_stercorea<-->Prevotellamassilia_timonensis,0.0387155172332215,0.127298797683588,0.0392930778331626,
Agathobaculum_desmolans<-->Clostridium_glycyrrhizinilyticum,0.14381047770452499,,0.0545994008835378,
Clostridium_glycyrrhizinilyticum<-->Ruminococcus_gnavus,0.0666533586199468,,,0.11195794598342698
Clostridium_glycyrrhizinilyticum<-->Tyzzerella_nexilis,0.0749132984013297,0.108339411149534,0.0880498991165708,0.10028075561425301
Eubacterium_coprostanoligenes<-->Ruminococcus_bromii,0.04428554163695599,,,0.0758242357190568
Bacteroides_salyersiae<-->Eubacterium_coprostanoligenes,-0.0326573808751752,,,
Butyricimonas_faecalis<-->Parabacteroides_johnsonii,0.0305854826392278,,,
Bacteroides_faecichinchillae<-->Parabacteroides_johnsonii,0.0202412111565375,,,
Parabacteroides_johnsonii<-->Paraprevotella_xylaniphila,0.0211077476247824,,,
Bacteroides_dorei<-->Parabacteroides_johnsonii,0.0745063126791897,,,
Mediterranea_massiliensis<-->Parabacteroides_johnsonii,0.0454570820005438,,,
Bacteroides_salanitronis<-->Oscillibacter_sp_PEA192,0.0259158490994671,,,
Bacteroides_helcogenes<-->Oscillibacter_sp_PEA192,0.0602373688531591,,,
Clostridium_phoceensis<-->Oscillibacter_sp_PEA192,0.081125009982964,,0.23682520565889603,0.11523281895308
Bacteroides_caecimuris<-->Oscillibacter_sp_PEA192,0.0172256489150473,,,
Bacteroides_plebeius<-->Oscillibacter_sp_PEA192,0.0204258011360655,,,
Oscillibacter_sp_PEA192<-->Parabacteroides_sp_CT06,0.027223825548556,,,
Bacteroides_fragilis<-->Oscillibacter_sp_PEA192,0.0278179397837711,,,
Bacteroides_barnesiae<-->Oscillibacter_sp_PEA192,0.0326138361952014,,,
Bacteroides_fluxus<-->Oscillibacter_sp_PEA192,0.0299843758262318,,,
Butyricimonas_faecalis<-->Oscillibacter_sp_PEA192,0.047760532797964,,,
Oscillibacter_sp_PEA192<-->Pseudoflavonifractor_capillosus,0.0716216992908097,,0.0686964722452999,0.12928548478803698
Bacteroides_faecichinchillae<-->Oscillibacter_sp_PEA192,0.0187925834421912,,,
Clostridiales_bacterium_CCNA10<-->Oscillibacter_sp_PEA192,0.0834997727514341,,0.0819743605436047,
Blautia_obeum<-->Oscillibacter_sp_PEA192,0.0269944628250796,,,
Clostridium_sporogenes<-->bacterium_LF-3,0.141501210371337,,0.25770243119202396,
Clostridium_symbiosum<-->Roseburia_hominis,0.11897333456257,,,
Clostridium_phoceensis<-->Pseudoflavonifractor_capillosus,0.09600071318168599,,,0.0743408237477175
Bacteroides_fragilis<-->Pseudoflavonifractor_capillosus,0.0470524889764613,,,
Bacteroides_barnesiae<-->Pseudoflavonifractor_capillosus,0.0272503187890462,,,
Bacteroides_faecichinchillae<-->Pseudoflavonifractor_capillosus,0.0181551823883346,,,
Bacteroides_dorei<-->Pseudoflavonifractor_capillosus,0.034748957875428,,,
Clostridiales_bacterium_CCNA10<-->Pseudoflavonifractor_capillosus,0.0602309932316323,0.17209033724436,0.12481224093563101,
Angelakisella_massiliensis<-->Pseudoflavonifractor_capillosus,0.151688351432157,,0.11990001959822999,0.0844521381737944
Mediterranea_massiliensis<-->Pseudoflavonifractor_capillosus,0.0326277970039753,,,
Bacteroides_pyogenes<-->Bacteroides_zoogleoformans,0.0432870920012032,,0.0771338782357326,
Bacteroides_zoogleoformans<-->Butyricimonas_faecalis,0.0410167333619336,,,
Bacteroides_nordii<-->Bacteroides_zoogleoformans,0.0431451695472481,,,
Bifidobacterium_catenulatum<-->Bifidobacterium_pseudocatenulatum,0.0875463200572977,0.153979444436537,,0.14170174352585002
Bacteroides_fragilis<-->Ruminococcus_gnavus,0.0511431812477007,,,0.0578866329601136
Ruminococcus_gnavus<-->Tyzzerella_nexilis,0.142491440374582,,0.15542322166089903,0.123795634922342
Clostridiales_bacterium_CCNA10<-->Ruminococcus_gnavus,0.0389657179607247,,,
Blautia_obeum<-->Ruminococcus_gnavus,0.09556292464819699,,,0.0710149840887457
Paraprevotella_xylaniphila<-->Prevotellamassilia_timonensis,0.0681214453030233,,,
Mediterranea_massiliensis<-->Prevotellamassilia_timonensis,0.0523831283621513,0.0960319258810457,,
Bacteroides_salanitronis<-->Roseburia_inulinivorans,0.0422070140879993,,,
Oscillibacter_ruminantium<-->Parabacteroides_sp_CT06,-0.0219947009560489,,,
Intestinibacillus_massiliensis<-->Oscillibacter_ruminantium,0.0595334597105551,,0.12955118207429198,
Bittarella_massiliensis<-->Clostridium_methylpentosum,0.0824788250868128,,,
Bacteroides_caecimuris<-->Bacteroides_reticulotermitis,0.0284796572462309,,,
Bacteroides_reticulotermitis<-->Bacteroides_thetaiotaomicron,0.0580308642216513,,,
Bacteroides_ovatus<-->Bacteroides_reticulotermitis,0.13430682256443902,,,
Bacteroides_caecimuris<-->Bacteroides_salanitronis,0.0486337571699215,,,
Bacteroides_caecimuris<-->Bacteroides_helcogenes,0.0827641077906216,,0.032268583629172,
Bacteroides_caecimuris<-->Bacteroides_plebeius,0.0323598914170345,,,
Bacteroides_caecimuris<-->Parabacteroides_sp_CT06,0.0200476876536873,0.122776350230417,,
Bacteroides_caecimuris<-->Culturomica_massiliensis,0.0261937229849853,0.0944734636848047,,
Bacteroides_caecimuris<-->Bacteroides_fragilis,0.0793444430285446,0.0830804169909368,0.0921265299186956,0.0525745828064446
Bacteroides_caecimuris<-->Bacteroides_thetaiotaomicron,0.0745868111320103,0.0973070317595069,0.0326304965362142,0.14307659705128303
Bacteroides_barnesiae<-->Bacteroides_caecimuris,0.0286632809471565,,,
Bacteroides_caecimuris<-->Bacteroides_fluxus,0.0645876574372724,0.0650232723763051,0.0890764738376399,0.0991972977262707
Bacteroides_caecimuris<-->Bacteroides_salyersiae,0.0808428655575602,,,0.0386318086060433
Bacteroides_caecimuris<-->Bacteroides_pyogenes,0.0351370067570822,,,
Bacteroides_caecimuris<-->Butyricimonas_faecalis,0.0311431972475787,,,
Alistipes_obesi<-->Bacteroides_caecimuris,0.0233936446927132,,,
Bacteroides_caecimuris<-->Bacteroides_faecichinchillae,0.0253061459231489,,0.0748215052773898,
Bacteroides_caecimuris<-->Bacteroides_nordii,0.0486847980575451,,0.0432056187626868,
Bacteroides_caecimuris<-->Blautia_obeum,0.0412759813904602,,,
Bacteroides_caecimuris<-->Bacteroides_coprophilus,0.0281091749533125,,,0.035363700342179
Bacteroides_caecimuris<-->Mediterranea_massiliensis,0.0198169528890812,,,
Bacteroides_caecimuris<-->Bacteroides_coprocola,0.0143414997312641,,,0.0752004568628803
Bacteroides_caecimuris<-->Bacteroides_ovatus,0.122575335522175,0.197122279132198,0.23383410014495898,0.105971241995071
Bacteroides_fluxus<-->Bacteroides_salanitronis,0.036584542965293995,,,
Bacteroides_fluxus<-->Bacteroides_helcogenes,0.0660635611259567,,0.139035356651519,
Bacteroides_fluxus<-->Clostridium_phoceensis,0.0625379333865001,,,
Bacteroides_fluxus<-->Bacteroides_plebeius,0.0543176987260608,,,0.0629159055547655
Bacteroides_fluxus<-->Culturomica_massiliensis,0.024574549046935002,0.0415421407385693,,
Bacteroides_fluxus<-->Bacteroides_fragilis,0.0452517548738457,,0.0893008605879054,
Bacteroides_fluxus<-->Bacteroides_thetaiotaomicron,0.0244389249234917,0.0493273388420508,0.0768461176611289,0.0509923989303738
Bacteroides_barnesiae<-->Bacteroides_fluxus,0.0357908302795834,,,
Bacteroides_fluxus<-->Coprobacter_secundus,0.0292948031168129,,,
Bacteroides_fluxus<-->Bacteroides_salyersiae,0.0700454181893301,,,0.0952708560170009
Bacteroides_fluxus<-->Butyricimonas_faecalis,0.0317910677183171,0.0274645653522369,,
Bacteroides_faecichinchillae<-->Bacteroides_fluxus,0.0662596161994669,,0.148970057657986,0.11224951553957699
Bacteroides_fluxus<-->Bacteroides_nordii,0.0258933293401668,,0.0377213591034595,
Bacteroides_dorei<-->Bacteroides_fluxus,0.0380981454387706,,,0.0848661014365922
Bacteroides_fluxus<-->Tyzzerella_nexilis,0.0372120638594209,,,
Bacteroides_fluxus<-->Blautia_obeum,0.0370363728605889,,,
Bacteroides_coprophilus<-->Bacteroides_fluxus,0.0924014742737739,,,0.0866775312431302
Bacteroides_fluxus<-->Mediterranea_massiliensis,0.0573855007112534,,,
Bacteroides_coprocola<-->Bacteroides_fluxus,0.0522978854107828,,,0.0979766346510543
Bacteroides_fluxus<-->Bacteroides_ovatus,0.0183753385316393,,0.0471349035947453,
Bacteroides_fragilis<-->Tyzzerella_nexilis,0.0623788392598161,,,0.0293734992517017
Blautia_obeum<-->Tyzzerella_nexilis,0.0536115008959372,0.0752482183665606,,0.0451340624532623
Streptococcus_salivarius<-->Streptococcus_sp_FDAARGOS_192,0.222516545329959,0.24980426892173999,0.30754783457235496,0.319689446061562
Streptococcus_parasanguinis<-->Streptococcus_salivarius,0.0278328240770231,0.0801035546733359,0.133714756276352,0.11210220001177698
Eubacterium_eligens<-->Lactobacillus_rogosae,0.0353089959814522,0.11603687888126402,,0.0969665592563058
Parabacteroides_goldsteinii<-->Parabacteroides_sp_CT06,0.0356991135500018,,,
Bacteroides_thetaiotaomicron<-->Parabacteroides_goldsteinii,0.0373019515046015,,,
Bacteroides_pyogenes<-->Parabacteroides_goldsteinii,0.0691418939406604,,,0.07227106735181402
Bacteroides_nordii<-->Parabacteroides_goldsteinii,0.0816552110759814,,,
Bacteroides_dorei<-->Parabacteroides_goldsteinii,0.0160331491629507,,,
Agathobaculum_desmolans<-->Anaerotignum_lactatifermentans,0.0442258889675503,,,
Bacteroides_barnesiae<-->Paraprevotella_xylaniphila,0.0719679091675805,,,
Bacteroides_salyersiae<-->Paraprevotella_xylaniphila,0.0394643104847483,,,
Bacteroides_pyogenes<-->Paraprevotella_xylaniphila,0.0273095088199141,,,
Bacteroides_faecichinchillae<-->Paraprevotella_xylaniphila,0.0345024710740405,,,
Mediterranea_massiliensis<-->Paraprevotella_xylaniphila,0.075676295208026,0.0721958021020601,,0.103456074435877
Bacteroides_salanitronis<-->Bacteroides_salyersiae,0.0563687266991328,,,
Bacteroides_helcogenes<-->Bacteroides_salyersiae,0.025201706510102,,,
Bacteroides_plebeius<-->Bacteroides_salyersiae,0.0273540767877628,,,
Bacteroides_salyersiae<-->Parabacteroides_sp_CT06,0.0291498724811514,0.0748356146792703,,
Bacteroides_salyersiae<-->Culturomica_massiliensis,0.0334886154116991,,,
Bacteroides_salyersiae<-->Bacteroides_thetaiotaomicron,0.0331770055893779,,,0.0282704042029897
Bacteroides_barnesiae<-->Bacteroides_salyersiae,0.0489850828823113,,,
Bacteroides_salyersiae<-->Coprobacter_secundus,0.0507766804175898,,,
Bacteroides_pyogenes<-->Bacteroides_salyersiae,0.0394774557031663,,,
Bacteroides_salyersiae<-->Butyricimonas_faecalis,0.0464685465969737,,,
Bacteroides_faecichinchillae<-->Bacteroides_salyersiae,0.0558304624600387,,,
Bacteroides_nordii<-->Bacteroides_salyersiae,0.0272315529262416,,,
Bacteroides_dorei<-->Bacteroides_salyersiae,0.0382248333893382,0.151215192036747,,0.0775752924950794
Bacteroides_salyersiae<-->Clostridiales_bacterium_CCNA10,0.0228276290348947,,,
Bacteroides_salyersiae<-->Blautia_obeum,0.0406499552812884,,,
Bacteroides_salyersiae<-->Mediterranea_massiliensis,0.0280604709869047,,,
Bacteroides_coprocola<-->Bacteroides_salyersiae,0.0525052512643545,,,0.0600225636070037
Bacteroides_ovatus<-->Bacteroides_salyersiae,0.0342071287914572,,,
Bacteroides_salanitronis<-->Clostridiales_bacterium_CCNA10,0.0543974001456394,,,
Clostridiales_bacterium_CCNA10<-->Clostridium_phoceensis,0.0396086026403409,,0.0730556519436317,
Alistipes_finegoldii<-->Clostridiales_bacterium_CCNA10,0.0305141344012617,,,
Bacteroides_plebeius<-->Clostridiales_bacterium_CCNA10,0.0572394657271384,,,
Clostridiales_bacterium_CCNA10<-->Parabacteroides_sp_CT06,0.0443053022413167,,,
Angelakisella_massiliensis<-->Clostridiales_bacterium_CCNA10,0.032130819009395,,0.0570561286745817,
Bacteroides_plebeius<-->Bacteroides_salanitronis,0.0439372746994315,,,
Bacteroides_plebeius<-->Bacteroides_vulgatus,0.0171829612262016,0.0921132350282578,,
Bacteroides_helcogenes<-->Bacteroides_plebeius,0.0142944352898262,,0.0565127173385357,
Bacteroides_plebeius<-->Parabacteroides_sp_CT06,0.038897043990164006,,,
Bacteroides_plebeius<-->Culturomica_massiliensis,0.0481508270310206,,,
Bacteroides_fragilis<-->Bacteroides_plebeius,0.0179173372560388,,,
Bacteroides_barnesiae<-->Bacteroides_plebeius,0.09271500336657598,,0.0927703401133816,
Bacteroides_plebeius<-->Coprobacter_secundus,0.0582552557398963,,,
Bacteroides_plebeius<-->Bacteroides_pyogenes,0.0385848441804066,,,
Bacteroides_plebeius<-->Butyricimonas_faecalis,0.0160927932692805,,,
Bacteroides_faecichinchillae<-->Bacteroides_plebeius,0.0397809770406287,,,
Bacteroides_plebeius<-->Blautia_obeum,0.0509078249685291,,,
Bacteroides_coprophilus<-->Bacteroides_plebeius,0.0561822582662851,0.0672383798584563,,0.130573748931289
Bacteroides_plebeius<-->Mediterranea_massiliensis,0.0734234145867636,,,
Bacteroides_coprocola<-->Bacteroides_plebeius,0.08653427922742,0.16846513689294598,0.10508180068764301,0.0649689000270883
Bacteroides_ovatus<-->Bacteroides_plebeius,0.0225767824118844,,,
Bacteroides_vulgatus<-->Parabacteroides_distasonis,0.0856901255080067,,,
Parabacteroides_distasonis<-->Parabacteroides_sp_CT06,0.18253804195251996,0.115798784067112,0.32107758810780895,0.2021163863719
Bacteroides_pyogenes<-->Parabacteroides_distasonis,0.0669347514741289,,,
Bacteroides_coprocola<-->Parabacteroides_distasonis,0.0357732383135073,,,
Bacteroides_heparinolyticus<-->Odoribacter_splanchnicus,0.0367965256378893,,,0.0751409069504719
Alistipes_obesi<-->Culturomica_massiliensis,0.0526522668360636,,,
Alistipes_obesi<-->Butyricimonas_faecalis,0.0371897714763895,,,
Alistipes_obesi<-->Alistipes_senegalensis,0.0330060497731585,,0.061403272356855006,
Bacteroides_nordii<-->Parabacteroides_sp_CT06,0.0251088447657533,,,
Bacteroides_nordii<-->Bacteroides_thetaiotaomicron,0.10323238505525699,,,
Bacteroides_nordii<-->Bacteroides_pyogenes,0.0644155262192935,,,0.17601432253451701
Bacteroides_nordii<-->Odoribacter_splanchnicus,0.0723296561542638,,,
Bacteroides_nordii<-->Bacteroides_ovatus,0.0687974665077958,,,
Bacteroides_pectinophilus<-->Roseburia_intestinalis,0.0493539909698831,0.0569885375399242,,
Bacteroides_pectinophilus<-->Dorea_formicigenerans,0.16620538637498497,,0.0613689437574944,
Butyricicoccus_pullicaecorum<-->Negativibacillus_massiliensis,0.11529409164434799,,0.0901055889389084,
Bacteroides_salanitronis<-->Parabacteroides_sp_CT06,0.0213669667391223,,,
Bacteroides_vulgatus<-->Parabacteroides_sp_CT06,0.0256174341151155,,,
Bacteroides_helcogenes<-->Parabacteroides_sp_CT06,0.0190972060992715,,,
Alistipes_finegoldii<-->Parabacteroides_sp_CT06,0.0461470026285814,,,
Bacteroides_fragilis<-->Parabacteroides_sp_CT06,0.0441794485335899,0.0677594871345838,,
Coprobacter_secundus<-->Parabacteroides_sp_CT06,0.024504851664954,,,
Bacteroides_pyogenes<-->Parabacteroides_sp_CT06,0.0712381205611339,,,
Butyricimonas_faecalis<-->Parabacteroides_sp_CT06,0.0285790820543333,,,
Bacteroides_faecichinchillae<-->Parabacteroides_sp_CT06,0.0429128986000402,,,
Blautia_obeum<-->Parabacteroides_sp_CT06,0.0352930690880937,,,
Bacteroides_coprocola<-->Parabacteroides_sp_CT06,0.0735415768270612,,,
Bacteroides_coprophilus<-->Bacteroides_vulgatus,0.0972831056509327,,,0.0492843283726386
Bacteroides_coprophilus<-->Bacteroides_fragilis,0.0346062735940289,,,
Bacteroides_coprophilus<-->Bacteroides_thetaiotaomicron,0.0996774307027702,0.11345911389875,,0.0367484376601202
Bacteroides_coprophilus<-->Bacteroides_faecichinchillae,0.04482661225432799,,,
Bacteroides_coprocola<-->Bacteroides_coprophilus,0.0238773640472933,0.0822862451575349,0.093566520736208,0.0860405310038069
Bacteroides_coprophilus<-->Bacteroides_ovatus,0.0655403291573318,,,
Bacteroides_barnesiae<-->Culturomica_massiliensis,0.0203004749411115,,,
Coprobacter_secundus<-->Culturomica_massiliensis,0.0401246665100992,,,
Alistipes_putredinis<-->Culturomica_massiliensis,0.0336633768759253,,,
Butyricimonas_faecalis<-->Culturomica_massiliensis,0.0912788028785702,0.121765271725762,,
Bacteroides_faecichinchillae<-->Culturomica_massiliensis,0.0390335771289669,,,
Culturomica_massiliensis<-->Mediterranea_massiliensis,0.0575113526474319,,,
Bacteroides_coprocola<-->Culturomica_massiliensis,0.0453569997325686,,,
Bacteroides_fragilis<-->Bacteroides_salanitronis,0.0565404545502191,,,
Bacteroides_fragilis<-->Bacteroides_helcogenes,0.0376411764958799,,,
Bacteroides_fragilis<-->Clostridium_phoceensis,0.0224328004121437,,,
Bacteroides_fragilis<-->Coprobacter_secundus,0.0218173306293934,,,
Bacteroides_faecichinchillae<-->Bacteroides_fragilis,0.0206073651866348,,,
Bacteroides_dorei<-->Bacteroides_fragilis,0.0333904163988556,,,
Bacteroides_fragilis<-->Blautia_obeum,0.0375653945241876,,,
Bacteroides_fragilis<-->Bacteroides_ovatus,0.0330750988947546,0.0676253742994176,0.0976198675468972,
Eubacterium_eligens<-->Eubacterium_ventriosum,0.0839524816272668,,,0.0767620757314282
Bacteroides_ovatus<-->Bacteroides_salanitronis,0.0233105224163104,,,
Bacteroides_ovatus<-->Bacteroides_thetaiotaomicron,0.13700637920316303,0.043510949419478,,0.0679657977877092
Bacteroides_ovatus<-->Bacteroides_pyogenes,0.0692253448592964,,,
Bacteroides_ovatus<-->Butyricimonas_faecalis,0.0174579765923732,,,
Bacteroides_salanitronis<-->Coprobacter_secundus,0.0403091401628764,,0.0700684416571954,
Bacteroides_helcogenes<-->Coprobacter_secundus,0.0362023172749505,,,
Bacteroides_barnesiae<-->Coprobacter_secundus,0.0303258553644864,,0.0359131534220141,
Butyricimonas_faecalis<-->Coprobacter_secundus,0.0547079131391935,,,
Bacteroides_faecichinchillae<-->Coprobacter_secundus,0.0458106173552397,,,
Bacteroides_dorei<-->Coprobacter_secundus,0.0719593680824164,,,
Coprobacter_secundus<-->Mediterranea_massiliensis,0.0482804003897653,,,
Bacteroides_coprocola<-->Coprobacter_secundus,0.0630535766802715,,,
Bacteroides_barnesiae<-->Bacteroides_salanitronis,0.10810697033690801,,0.181844559192231,0.13305332186552302
Bacteroides_barnesiae<-->Bacteroides_helcogenes,0.0523950215577049,,,
Bacteroides_barnesiae<-->Butyricimonas_faecalis,0.0374074631739637,,,
Bacteroides_barnesiae<-->Bacteroides_faecichinchillae,0.05718196567742401,,,
Bacteroides_barnesiae<-->Bacteroides_dorei,0.0203464987715114,,,
Bacteroides_barnesiae<-->Mediterranea_massiliensis,0.0717998436691833,,0.0634478327687132,0.0811106408883754
Bacteroides_barnesiae<-->Bacteroides_coprocola,0.0574383335299125,,0.11842114238074901,
Bacteroides_pyogenes<-->Bacteroides_thetaiotaomicron,0.0475292818860627,,,
Bacteroides_thetaiotaomicron<-->Butyricimonas_faecalis,0.0389732468554505,,,
Bacteroides_thetaiotaomicron<-->Odoribacter_splanchnicus,0.08638883624168901,,0.0936129811069804,
Bacteroides_salanitronis<-->Butyricimonas_faecalis,0.0459661687068212,,,
Bacteroides_helcogenes<-->Butyricimonas_faecalis,0.0359783774233873,,,
Bacteroides_faecichinchillae<-->Butyricimonas_faecalis,0.0671770945138153,,,
Butyricimonas_faecalis<-->Mediterranea_massiliensis,0.0665591081818992,0.0413171993785856,,
Bacteroides_coprocola<-->Butyricimonas_faecalis,0.0436369469915738,,,
Bacteroides_faecichinchillae<-->Bacteroides_salanitronis,0.0412670444805825,,,
Bacteroides_faecichinchillae<-->Bacteroides_vulgatus,0.0210693287058178,,,
Bacteroides_faecichinchillae<-->Bacteroides_helcogenes,0.0559377763888637,,0.12067186475571301,
Bacteroides_faecichinchillae<-->Clostridium_phoceensis,0.0376758239301587,,,
Alistipes_finegoldii<-->Bacteroides_faecichinchillae,0.0301625570043455,,,
Bacteroides_faecichinchillae<-->Bacteroides_pyogenes,0.0295766634748453,,,
Bacteroides_dorei<-->Bacteroides_faecichinchillae,0.0762479737624592,,,
Bacteroides_faecichinchillae<-->Blautia_obeum,0.0319624470680977,,0.031911456471982,
Bacteroides_faecichinchillae<-->Mediterranea_massiliensis,0.0525170394412586,,,
Bacteroides_coprocola<-->Bacteroides_faecichinchillae,0.0726389710762245,,,0.0474950930884394
Alistipes_finegoldii<-->Alistipes_shahii,0.11306532305423099,0.0742297603543862,,
Alistipes_finegoldii<-->Alistipes_senegalensis,0.0892958569259984,,0.12346392340156,0.0794356206801225
Bacteroides_dorei<-->Bacteroides_salanitronis,0.0441141229233159,,,
Bacteroides_dorei<-->Bacteroides_helcogenes,0.0418123995211124,,,0.0378683773151932
Bacteroides_dorei<-->Bacteroides_pyogenes,0.0852830738886035,,0.0464608244049421,
Bacteroides_dorei<-->Blautia_obeum,0.0390180403688476,,,
Bacteroides_coprocola<-->Bacteroides_dorei,0.0632007223043235,,,0.0417457209996956
Alistipes_senegalensis<-->Alistipes_shahii,0.122266747393854,,0.256451202177897,
Bacteroides_coprocola<-->Bacteroides_salanitronis,0.0215552730961901,,0.0362839616900323,0.0455099377958919
Bacteroides_coprocola<-->Bacteroides_helcogenes,0.0215021702403523,,0.0653954907713651,
Bacteroides_coprocola<-->Clostridium_phoceensis,0.0211647959891447,,,
Alistipes_putredinis<-->Bacteroides_coprocola,0.0214887083709002,,,
Bacteroides_coprocola<-->Bacteroides_pyogenes,0.029848398444502003,,,
Bacteroides_coprocola<-->Mediterranea_massiliensis,0.0202278349202073,,,0.0308410939827987
Bacteroides_helcogenes<-->Bacteroides_salanitronis,0.0567323906073597,,,0.0907704591801143
Bacteroides_helcogenes<-->Mediterranea_massiliensis,0.0280608944423012,,,
Bacteroides_salanitronis<-->Blautia_obeum,0.0319369627716419,,,
Bacteroides_salanitronis<-->Mediterranea_massiliensis,0.055856417297664,,0.0889831522418125,0.18574668893076104
Bacteroides_vulgatus<-->Mediterranea_massiliensis,0.0469257412495751,,,0.0384139411344169
Bacteroides_caccae<-->Bacteroides_vulgatus,0.0501442672754277,,,
Bacteroides_caccae<-->Bacteroides_pyogenes,0.0565160409007231,,,
Bacteroides_pyogenes<-->Bacteroides_salanitronis,0.065766295690879,,,
Bacteroides_pyogenes<-->Bacteroides_vulgatus,0.06002011887953,,,
Bacteroides_pyogenes<-->Odoribacter_splanchnicus,0.0439021010000692,,,
Bacteroides_salanitronis<-->Odoribacter_splanchnicus,0.0421959274623666,0.0711030541601311,,
Bacteroides_vulgatus<-->Odoribacter_splanchnicus,0.0962690509316548,,,
Prevotella_bivia<-->Prevotella_stercorea,,0.0503378304447959,,
Prevotella_bivia<-->Prevotella_copri,,0.0851039715758316,,0.059080949164043
Prevotella_bivia<-->Prevotellamassilia_timonensis,,0.0511611559083164,,
Cellulomonas_carbonis<-->Prevotella_bivia,,0.101090519418273,,
Paraprevotella_xylaniphila<-->Prevotella_bivia,,0.0915668059270833,,
Mediterranea_massiliensis<-->Prevotella_bivia,,0.117307328634831,,
Bacteroides_stercoris<-->Blautia_schinkii,,-0.0582433332152188,,
Bacteroides_caecimuris<-->Bacteroides_stercoris,,0.0569700287253672,,
Bacteroides_stercoris<-->Culturomica_massiliensis,,0.10933686397101,,
Bacteroides_fluxus<-->Bacteroides_stercoris,,0.0721629194107753,,
Bacteroides_ovatus<-->Bacteroides_stercoris,,0.0661650058047655,,
Coprococcus_comes<-->Ruminococcus_lactaris,,0.0550180384686039,,
Coprococcus_comes<-->Dorea_longicatena,,0.10428690077177301,,
Coprococcus_comes<-->Prevotella_stercorea,,0.0558999823269455,,
Coprococcus_comes<-->Lachnospiraceae_bacterium_Choco86,,0.0164165795394911,0.0195049397644429,0.0807039714939628
Clostridium_glycyrrhizinilyticum<-->Coprococcus_comes,,0.0587786250241061,,
Bacteroides_coprophilus<-->Coprococcus_comes,,0.0342248282122223,,
Coprococcus_comes<-->Fusicatenibacter_saccharivorans,,0.0261207802118709,0.0396219166747509,
Coprococcus_comes<-->Roseburia_faecis,,0.046838589711683004,,
Coprococcus_comes<-->Mediterranea_massiliensis,,0.0769326282602123,,
Coprococcus_comes<-->Dorea_formicigenerans,,0.0737290125928065,0.0265661278272372,
Bacteroides_pectinophilus<-->Coprococcus_comes,,0.0782297543458558,,0.0379021286579097
Coprococcus_comes<-->Faecalibacterium_prausnitzii,,0.0645033914490334,,
Coprococcus_comes<-->Eubacterium_rectale,,0.0891494787275931,,
Streptococcus_sp_A12<-->Streptococcus_sp_oral_taxon_431,,0.0647931641822591,0.0851409047010603,
Christensenella_massiliensis<-->Provencibacterium_massiliense,,0.0880374506628617,,
Merdimonas_faecis<-->Provencibacterium_massiliense,,0.0646953001824263,,
Bacteroides_caecimuris<-->Bacteroides_uniformis,,0.0502516700563164,,
Bacteroides_uniformis<-->Culturomica_massiliensis,,0.0419720168610169,,
Bacteroides_fluxus<-->Bacteroides_uniformis,,0.0832778980782553,0.0648798324509883,
Bacteroides_coprophilus<-->Bacteroides_uniformis,,0.0539462587438792,,
Bacteroides_coprocola<-->Bacteroides_uniformis,,0.107513534137915,,
Bacteroides_uniformis<-->Faecalibacterium_prausnitzii,,0.0404043951958345,,
Bacteroides_caecimuris<-->Gemmiger_formicilis,,0.0850660593446359,,
Clostridium_symbiosum<-->Gemmiger_formicilis,,0.138597759437366,,
Alistipes_finegoldii<-->Barnesiella_intestinihominis,,0.0724808770655558,,
Bacteroides_faecichinchillae<-->Barnesiella_intestinihominis,,0.0512205003083622,,
Granulicatella_adiacens<-->Streptococcus_sp_oral_taxon_431,,0.086796819686442,,0.109964263257059
Monoglobus_pectinilyticus<-->Ruminococcus_champanellensis,,0.0175661193341564,,
Fusicatenibacter_saccharivorans<-->Ruminococcus_champanellensis,,-0.061115137951256,,
Bifidobacterium_adolescentis<-->Bifidobacterium_pseudocatenulatum,,0.0840709361496899,,0.0878356321294757
Bifidobacterium_adolescentis<-->Lactobacillus_ruminis,,0.0398551614243792,,
Christensenella_massiliensis<-->Culturomica_massiliensis,,-0.0294457305128367,,
Anaerostipes_hadrus<-->Eubacterium_eligens,,0.0623189656096614,,
Anaerostipes_hadrus<-->Eubacterium_ventriosum,,0.12395301615825599,,
Anaerostipes_hadrus<-->Lactobacillus_rogosae,,0.0931818921117239,,
Bifidobacterium_catenulatum<-->Bifidobacterium_longum,,0.115528470107415,,0.11588658156796301
Bifidobacterium_longum<-->Bifidobacterium_pseudocatenulatum,,0.0756316524725048,,0.0919393025198497
Clostridium_innocuum<-->Paraprevotella_xylaniphila,,-0.0476366438196677,,
Alistipes_megaguti<-->Prevotella_ihumii,,0.0452294742727222,,
Prevotella_ihumii<-->Prevotella_stercorea,,0.0977217593910288,0.0718144585634247,
Prevotella_copri<-->Prevotella_ihumii,,0.0741645606297119,0.10926792591515198,
Prevotella_ihumii<-->Prevotellamassilia_timonensis,,0.0496884430144418,,
Cellulomonas_carbonis<-->Prevotella_ihumii,,0.0479047020205309,0.176705156255165,
Butyricimonas_faecalis<-->Prevotella_ihumii,,0.0996919275603108,,
Prevotella_disiens<-->Prevotella_ihumii,,0.130600076892913,,
Mediterranea_massiliensis<-->Prevotella_ihumii,,0.0516261031139279,,
Bifidobacterium_catenulatum<-->Fusicatenibacter_saccharivorans,,0.0552331083838502,,
Eubacterium_ramulus<-->Fusicatenibacter_saccharivorans,,0.0715726956461686,,0.0470631736104649
Fusicatenibacter_saccharivorans<-->Roseburia_inulinivorans,,0.0532326138083997,,
Fusicatenibacter_saccharivorans<-->Pseudoflavonifractor_capillosus,,0.0870209407206696,,
Fusicatenibacter_saccharivorans<-->Lachnospiraceae_bacterium_Choco86,,0.0287285107653555,,
Fusicatenibacter_saccharivorans<-->Tyzzerella_nexilis,,0.0779159425892208,,
Clostridiales_bacterium_CCNA10<-->Fusicatenibacter_saccharivorans,,0.0500486385235899,,
Clostridium_glycyrrhizinilyticum<-->Fusicatenibacter_saccharivorans,,0.0979779115952173,,
Blautia_obeum<-->Fusicatenibacter_saccharivorans,,0.0612740045473779,0.0721044497742373,0.0628397125116552
Fusicatenibacter_saccharivorans<-->Roseburia_faecis,,0.0721432026633181,,
Dorea_formicigenerans<-->Fusicatenibacter_saccharivorans,,0.0959806852053134,,0.0314203774233808
Faecalibacterium_prausnitzii<-->Fusicatenibacter_saccharivorans,,0.047045616265,,
Collinsella_aerofaciens<-->Prevotella_stercorea,,0.116304716166196,,
Collinsella_aerofaciens<-->Dorea_formicigenerans,,0.0400401553947181,,
Bifidobacterium_catenulatum<-->Eubacterium_ramulus,,0.0356108352773427,,
Eubacterium_ramulus<-->Ruminococcus_faecis,,0.103107464551685,0.10657451832912498,
Eubacterium_ramulus<-->Ruminococcus_lactaris,,0.0621334380289869,,
Eubacterium_ramulus<-->Roseburia_inulinivorans,,0.0691726526324364,0.063331244984948,
Eubacterium_ramulus<-->Lachnospiraceae_bacterium_Choco86,,0.0396056666562057,0.0485690707951549,0.10510747350704501
Clostridiales_bacterium_CCNA10<-->Eubacterium_ramulus,,0.0513979560751401,,
Clostridium_glycyrrhizinilyticum<-->Eubacterium_ramulus,,0.0757510661338746,,0.0284161570278563
Bacteroides_coprophilus<-->Eubacterium_ramulus,,0.0410168383015175,,
Eubacterium_ramulus<-->Roseburia_faecis,,0.0649590083460891,,
Eubacterium_ramulus<-->Roseburia_intestinalis,,0.0512368287263523,,
Dorea_formicigenerans<-->Eubacterium_ramulus,,0.0741960895967673,0.15374548786702802,0.0821983065121488
Bacteroides_pectinophilus<-->Eubacterium_ramulus,,0.0723526801608529,,0.0435345421093685
Eubacterium_ramulus<-->Faecalibacterium_prausnitzii,,0.0408129971285014,,
Eubacterium_ramulus<-->Eubacterium_rectale,,0.0345452883397718,0.053605884165657,
Bacteroides_cellulosilyticus<-->Parabacteroides_johnsonii,,0.0815784857488239,,
Ruminococcus_faecis<-->Ruminococcus_lactaris,,0.0947728615088203,,
Dorea_longicatena<-->Ruminococcus_faecis,,0.0557229720969195,,
Lachnospiraceae_bacterium_Choco86<-->Ruminococcus_faecis,,0.0587707840534818,0.0417687901511744,0.0449068674071765
Ruminococcus_faecis<-->Tyzzerella_nexilis,,0.0517764357604697,,
Clostridium_glycyrrhizinilyticum<-->Ruminococcus_faecis,,0.0656729150225245,,
Dorea_formicigenerans<-->Ruminococcus_faecis,,0.0645372086913317,0.12307036488431598,0.0705483965162844
Lactobacillus_rogosae<-->Ruminococcus_faecis,,0.0461312904696898,,
Eubacterium_rectale<-->Ruminococcus_faecis,,0.0373477984384578,0.0580448796686647,
Anaerobutyricum_hallii<-->Eubacterium_eligens,,0.0715952677994756,,
Anaerobutyricum_hallii<-->Eubacterium_ventriosum,,0.141849504650641,,
Anaerobutyricum_hallii<-->Lactobacillus_rogosae,,0.113022899239674,,
Bacteroides_salyersiae<-->Flavonifractor_plautii,,0.0663412181343721,,
Clostridium_symbiosum<-->Flavonifractor_plautii,,0.11716060655942999,,0.0367054770419844
Lachnospiraceae_bacterium_Choco86<-->Ruminococcus_lactaris,,0.0277325218360674,,0.0429896860348352
Dorea_formicigenerans<-->Lachnospiraceae_bacterium_Choco86,,0.0422242569944513,0.0748291920755787,
Bacteroides_pectinophilus<-->Lachnospiraceae_bacterium_Choco86,,0.026927848964572995,,0.0815625968570642
Prevotella_multisaccharivorax<-->Prevotella_stercorea,,0.0622735508555972,0.0846114304557434,
Intestinimonas_butyriciproducens<-->Prevotella_stercorea,,0.0372163667679476,,
Prevotella_copri<-->Prevotella_stercorea,,0.114504987163805,,
Cellulomonas_carbonis<-->Prevotella_stercorea,,0.0562010146189404,,
Butyricimonas_faecalis<-->Prevotella_stercorea,,0.115233937117298,,
Prevotella_disiens<-->Prevotella_stercorea,,0.0476131700655697,,
Mediterranea_massiliensis<-->Prevotella_stercorea,,0.0931651753716448,,
Bifidobacterium_catenulatum<-->Clostridium_glycyrrhizinilyticum,,0.0607866116611187,,
Clostridium_glycyrrhizinilyticum<-->Ruminococcus_lactaris,,0.0551689608164627,,
Clostridium_glycyrrhizinilyticum<-->Roseburia_inulinivorans,,0.048289951202484,,
Clostridium_glycyrrhizinilyticum<-->Negativibacillus_massiliensis,,-0.0696900952462622,,
Bacteroides_thetaiotaomicron<-->Clostridium_glycyrrhizinilyticum,,0.0509354567338536,,
Clostridium_glycyrrhizinilyticum<-->Pseudoflavonifractor_capillosus,,0.0451188634037524,,
Clostridiales_bacterium_CCNA10<-->Clostridium_glycyrrhizinilyticum,,0.0586077166204517,,
Blautia_obeum<-->Clostridium_glycyrrhizinilyticum,,0.0616524634485093,0.0550208229023676,0.0431939905632708
Bacteroides_coprophilus<-->Clostridium_glycyrrhizinilyticum,,0.0475788980517875,,
Clostridium_glycyrrhizinilyticum<-->Roseburia_faecis,,0.0690502051381262,,
Clostridium_glycyrrhizinilyticum<-->Mediterranea_massiliensis,,0.0269066075578703,,
Clostridium_glycyrrhizinilyticum<-->Roseburia_intestinalis,,0.0589535301160096,,
Clostridium_glycyrrhizinilyticum<-->Dorea_formicigenerans,,0.0710154347395024,,
Bacteroides_pectinophilus<-->Clostridium_glycyrrhizinilyticum,,0.0399814331185103,,
Clostridium_glycyrrhizinilyticum<-->Faecalibacterium_prausnitzii,,0.0505359951708462,,
Barnesiella_viscericola<-->Parabacteroides_johnsonii,,0.0616731183336308,,
Bacteroides_barnesiae<-->Parabacteroides_johnsonii,,0.0870920617427789,,
Dorea_longicatena<-->Eubacterium_rectale,,0.0328214701349586,,
Clostridium_methylpentosum<-->Eubacterium_rectale,,-0.0473599935563824,,
Blautia_obeum<-->Eubacterium_rectale,,0.0451029905923723,,
Eubacterium_rectale<-->Roseburia_faecis,,0.0651995641283171,,
Eubacterium_rectale<-->Mediterranea_massiliensis,,0.0366827230956227,,
Eubacterium_rectale<-->Roseburia_intestinalis,,0.0853384196488751,,
Dorea_formicigenerans<-->Eubacterium_rectale,,0.052305476765161,0.045518588991712995,
Bacteroides_pectinophilus<-->Eubacterium_rectale,,0.0741086298261599,,
Ruminococcus_lactaris<-->Tyzzerella_nexilis,,0.0569238542119975,,
Dorea_formicigenerans<-->Ruminococcus_lactaris,,0.0247965307951411,,
Bacteroides_pectinophilus<-->Ruminococcus_lactaris,,0.0321883329596002,,
Bacteroides_barnesiae<-->Barnesiella_viscericola,,0.10776809105576599,0.0871326436135167,
Eubacterium_eligens<-->Roseburia_hominis,,0.11173129890434101,,
Bifidobacterium_catenulatum<-->Pseudoflavonifractor_capillosus,,0.0720149255150531,,
Pseudoflavonifractor_capillosus<-->Roseburia_inulinivorans,,0.0525758205266809,,
Intestinimonas_butyriciproducens<-->Pseudoflavonifractor_capillosus,,0.12792298421954698,0.117418942763356,
Bacteroides_thetaiotaomicron<-->Pseudoflavonifractor_capillosus,,0.063248019196678,,
Bacteroides_coprophilus<-->Pseudoflavonifractor_capillosus,,0.0500945832723782,,
Prevotella_multisaccharivorax<-->Prevotellamassilia_timonensis,,0.0440807550847469,0.06679859104212099,
Prevotella_buccalis<-->Prevotellamassilia_timonensis,,0.10025609025785501,,
Prevotella_copri<-->Prevotellamassilia_timonensis,,0.13773561354279198,,
Cellulomonas_carbonis<-->Prevotellamassilia_timonensis,,0.0987659742857183,,
Roseburia_inulinivorans<-->Tyzzerella_nexilis,,0.0382924380342662,,
Roseburia_intestinalis<-->Roseburia_inulinivorans,,0.103419878655876,0.0973313615375292,
Bacteroides_pectinophilus<-->Roseburia_inulinivorans,,0.0335229291245284,,
Bittarella_massiliensis<-->Lactonifactor_longoviformis,,0.0356096050348107,,
Oscillibacter_ruminantium<-->Tyzzerella_nexilis,,-0.0303480252122175,,
Haemophilus_parainfluenzae<-->Veillonella_dispar,,0.0694394881430671,0.0751654753596939,0.0876877893714614
Bacteroides_thetaiotaomicron<-->Bifidobacterium_catenulatum,,0.059352099130875996,,
Culturomica_massiliensis<-->Eubacterium_plexicaudatum,,-0.0661557013970938,,
Bacteroides_caecimuris<-->Clostridium_symbiosum,,0.0932427856377217,0.0331513888653543,
Bacteroides_fluxus<-->Bacteroides_vulgatus,,0.0544053969613135,0.0496147136876883,0.0986693496067754
Bacteroides_fluxus<-->Odoribacter_splanchnicus,,0.16574262529759098,,
Bacteroides_fluxus<-->Paraprevotella_xylaniphila,,0.121050711230621,,
Roseburia_faecis<-->Tyzzerella_nexilis,,0.0221730713219345,,
Roseburia_intestinalis<-->Tyzzerella_nexilis,,0.0803870368619844,,
Dorea_formicigenerans<-->Tyzzerella_nexilis,,0.0602178268978962,,
Bacteroides_pectinophilus<-->Tyzzerella_nexilis,,0.086406783159704,,0.0760367351682962
Butyrivibrio_crossotus<-->Eubacterium_eligens,,0.0924056953677547,,0.0546680888329388
Dorea_formicigenerans<-->Dorea_longicatena,,0.0791555178607637,,0.0337075479592423
Streptococcus_salivarius<-->Veillonella_dispar,,0.0943207294232424,,
Clostridiales_bacterium_CCNA10<-->Intestinimonas_butyriciproducens,,0.19731522728423898,0.081977575697485,
Bacteroides_salanitronis<-->Prevotella_timonensis,,0.064721818873061,,
Prevotella_buccalis<-->Prevotella_timonensis,,0.0500301622863365,,
Prevotella_disiens<-->Prevotella_timonensis,,0.101231382880822,0.0595567803052884,
Paraprevotella_xylaniphila<-->Prevotella_timonensis,,0.0764271965966311,,
Mediterranea_massiliensis<-->Prevotella_timonensis,,0.0388948546328875,,
Prevotella_buccalis<-->Prevotella_multisaccharivorax,,0.10017895846301698,0.172153179051345,
Mediterranea_massiliensis<-->Prevotella_buccalis,,0.0372803496125034,,
Lactobacillus_rogosae<-->Roseburia_faecis,,0.0297822642177888,,
Bacteroides_pectinophilus<-->Lactobacillus_rogosae,,0.0346100625546794,,
Bacteroides_thetaiotaomicron<-->Faecalibacterium_prausnitzii,,0.0894769530160519,,
Dorea_formicigenerans<-->Faecalibacterium_prausnitzii,,0.0653560241304947,,
Alistipes_megaguti<-->Paraprevotella_xylaniphila,,0.0881904091608488,,
Butyricimonas_faecalis<-->Paraprevotella_xylaniphila,,0.0881796640440326,,
Paraprevotella_xylaniphila<-->Prevotella_disiens,,0.0650798547371195,,
Odoribacter_splanchnicus<-->Paraprevotella_xylaniphila,,0.151342672740168,,
Bacteroides_thetaiotaomicron<-->Clostridiales_bacterium_CCNA10,,0.0427566870326566,,
Bacteroides_coprophilus<-->Clostridiales_bacterium_CCNA10,,0.048719853947233,,
Clostridiales_bacterium_CCNA10<-->Mediterranea_massiliensis,,0.0582113072624758,,
Bacteroides_dorei<-->Parabacteroides_distasonis,,0.104528072024375,,
Bacteroides_helcogenes<-->Bacteroides_nordii,,0.0552911775005947,0.0483007998760109,
Bacteroides_faecichinchillae<-->Bacteroides_nordii,,0.13707106433564198,,
Eubacterium_eligens<-->Roseburia_intestinalis,,0.0490646115910725,,
Roseburia_faecis<-->Roseburia_intestinalis,,0.10306036455951101,,
Dorea_formicigenerans<-->Negativibacillus_massiliensis,,-0.0611326018850829,,
Blautia_obeum<-->Dorea_formicigenerans,,0.123116003610065,0.044889717998992995,0.0612421534939466
Dorea_formicigenerans<-->Roseburia_faecis,,0.0305586855653639,,
Dorea_formicigenerans<-->Mediterranea_massiliensis,,0.0352630420186218,,
Culturomica_massiliensis<-->Parabacteroides_sp_CT06,,0.105834330445358,,
Bacteroides_ovatus<-->Parabacteroides_sp_CT06,,0.144360589642367,,0.10406086539742099
Bacteroides_coprophilus<-->Mediterranea_massiliensis,,0.0405698181423758,,
Bacteroides_thetaiotaomicron<-->Culturomica_massiliensis,,0.0868794006383117,,
Alistipes_senegalensis<-->Culturomica_massiliensis,,0.0582736197411586,,
Streptococcus_sp_FDAARGOS_192<-->Veillonella_dispar,,0.0439879156955576,,
Streptococcus_parasanguinis<-->Veillonella_dispar,,0.063551786027862,,
Alistipes_megaguti<-->Prevotella_multisaccharivorax,,0.0868873810424568,,
Alistipes_megaguti<-->Prevotella_copri,,0.0587268203208066,,
Alistipes_megaguti<-->Butyricimonas_faecalis,,0.0494860157716736,,
Alistipes_megaguti<-->Mediterranea_massiliensis,,0.11810666907101501,,
Prevotella_disiens<-->Prevotella_multisaccharivorax,,0.0764897552404414,,
Prevotella_copri<-->Prevotella_disiens,,0.0318115592298107,,
Clostridium_phoceensis<-->Negativibacillus_massiliensis,,0.0825632571573633,,
Lactobacillus_ruminis<-->Roseburia_faecis,,0.04522052247648901,0.0404675904772786,0.0480420055271961
Bacteroides_thetaiotaomicron<-->Bacteroides_vulgatus,,0.0551103078972658,0.0622208729561706,
Bacteroides_thetaiotaomicron<-->Mediterranea_massiliensis,,0.07071024651242999,,
Bacteroides_coprocola<-->Bacteroides_thetaiotaomicron,,0.0766251141855742,,0.0247576786151254
Prevotella_copri<-->Prevotella_multisaccharivorax,,0.107131937598053,0.15671985765235097,0.100186578189288
Cellulomonas_carbonis<-->Prevotella_copri,,0.0901067745964509,,0.09313780350416699
Mediterranea_massiliensis<-->Prevotella_copri,,0.0990285637745139,,
Cellulomonas_carbonis<-->Prevotella_multisaccharivorax,,0.12372005622511599,0.0915015127914326,
Bacteroides_helcogenes<-->Coprobacter_fastidiosus,,0.08919770468880901,,0.06476355867028599
Bacteroides_coprocola<-->Bacteroides_vulgatus,,0.0876335984206771,,0.0740112584676864
Bacteroides_helcogenes<-->Bacteroides_pyogenes,,0.0520501661207347,0.0920784333733149,
Cellulomonas_carbonis<-->Mediterranea_massiliensis,,0.0188423156544226,,
Bacteroides_pectinophilus<-->Roseburia_faecis,,0.0365701535108326,,
Streptococcus_parasanguinis<-->Streptococcus_sp_FDAARGOS_192,,0.11052119024669699,0.0783844147353465,0.14970871860591903
Alistipes_shahii<-->Prevotella_bivia,,,-0.0583421209757485,
Prevotella_bivia<-->Prevotella_multisaccharivorax,,,0.0899185231750121,
Angelakisella_massiliensis<-->Prevotella_bivia,,,-0.0398450169503027,
Acetivibrio_ethanolgignens<-->Bacteroides_stercoris,,,0.0214085570807776,
Bacteroides_pyogenes<-->Bacteroides_stercoris,,,0.0653408747114783,
Bacteroides_nordii<-->Bacteroides_stercoris,,,0.11432393748573699,
Bacteroides_stercoris<-->Bacteroides_zoogleoformans,,,0.08248926324604201,
Blautia_producta<-->Coprococcus_comes,,,0.0562384926453755,
Anaerostipes_hadrus<-->Coprococcus_comes,,,0.10883299938624902,
Anaerobutyricum_hallii<-->Coprococcus_comes,,,0.0646180549243295,0.0394137079541398
Coprococcus_comes<-->Eubacterium_ventriosum,,,0.0533449622823043,
Lachnospiraceae_bacterium_GAM79<-->Roseburia_inulinivorans,,,0.0929166325472805,
Acetivibrio_ethanolgignens<-->Lachnospiraceae_bacterium_GAM79,,,0.0434921974428856,
Massilimaliae_massiliensis<-->Provencibacterium_massiliense,,,0.0753240831537221,
Merdimonas_faecis<-->Ruminococcus_torques,,,0.0844941186284833,
Merdimonas_faecis<-->Sellimonas_intestinalis,,,0.10727408788172,0.0936927721328798
Faecalicatena_contorta<-->Merdimonas_faecis,,,0.0848650327807759,
Bacteroides_fluxus<-->Merdimonas_faecis,,,0.0442955501523555,
Clostridium_glycyrrhizinilyticum<-->Merdimonas_faecis,,,0.0726960312160408,
Christensenella_minuta<-->Ruminococcus_bromii,,,0.0625687981891827,
Bacteroides_pectinophilus<-->Christensenella_minuta,,,0.0705646843244646,
Clostridium_leptum<-->Phocea_massiliensis,,,0.0412099562848875,
Phocea_massiliensis<-->Ruthenibacterium_lactatiformans,,,0.0386017082762136,
Clostridiales_bacterium_CCNA10<-->Phocea_massiliensis,,,0.0581075185692262,
Anaerotignum_lactatifermentans<-->Phocea_massiliensis,,,0.0482043363700316,
Oscillibacter_sp_PEA192<-->Phocea_massiliensis,,,0.0500929516262112,
Clostridium_bolteae<-->Ruminococcus_torques,,,0.0703635964078007,
Clostridium_bolteae<-->Clostridium_phoceensis,,,0.061009319141848005,
Clostridium_bolteae<-->Clostridium_citroniae,,,0.0757774692063193,0.143895899856058
Clostridium_bolteae<-->Clostridium_symbiosum,,,0.0453325403797847,0.0403048215890092
Blautia_obeum<-->Clostridium_bolteae,,,0.0565596380235615,
Clostridium_bolteae<-->Lachnoclostridium_sp_YL32,,,0.0929780971701417,0.15579989239110598
Bacteroides_helcogenes<-->Bacteroides_uniformis,,,0.0869262963384372,
Bacteroides_plebeius<-->Bacteroides_uniformis,,,0.0322097883201713,
Bacteroides_faecichinchillae<-->Bacteroides_uniformis,,,0.0839042632119478,
Coprococcus_eutactus<-->Flavonifractor_plautii,,,-0.0395461720544229,
Clostridium_phoceensis<-->Gemmiger_formicilis,,,0.0400807194002322,
Faecalibacterium_prausnitzii<-->Gemmiger_formicilis,,,0.10405355557425698,
Alistipes_putredinis<-->Barnesiella_intestinihominis,,,0.0606533987306763,
Ruminococcus_champanellensis<-->Ruminococcus_flavefaciens,,,0.0590986101654042,0.0819429263432603
Acetivibrio_ethanolgignens<-->Bifidobacterium_adolescentis,,,-0.0422213023291981,
Bacteroides_pyogenes<-->Bifidobacterium_adolescentis,,,-0.0487941594701421,
Anaerostipes_hadrus<-->Ruminococcus_faecis,,,0.0765552224982679,
Anaerostipes_hadrus<-->Blautia_producta,,,0.0913306043541527,
Acetivibrio_ethanolgignens<-->Anaerostipes_hadrus,,,0.0326750245226432,
Anaerostipes_hadrus<-->Bacteroides_pyogenes,,,0.0763204429934812,
Anaerostipes_hadrus<-->Lachnospiraceae_bacterium_Choco86,,,0.0826041058558808,
Anaerostipes_hadrus<-->Clostridium_glycyrrhizinilyticum,,,0.0518118056866266,
Anaerostipes_hadrus<-->Blautia_obeum,,,0.0925343714748383,
Anaerostipes_hadrus<-->Fusicatenibacter_saccharivorans,,,0.0395477516344412,
Anaerostipes_hadrus<-->Clostridium_sporogenes,,,0.0931234606258255,
Anaerostipes_hadrus<-->Dorea_formicigenerans,,,0.0212981224530114,
Butyricicoccus_pullicaecorum<-->Fournierella_massiliensis,,,0.0748492773271573,
Fournierella_massiliensis<-->Intestinimonas_butyriciproducens,,,0.10433613924807901,
Fournierella_massiliensis<-->Ruthenibacterium_lactatiformans,,,0.0494029638133162,
Fournierella_massiliensis<-->Subdoligranulum_variabile,,,0.103363837152925,
Alistipes_shahii<-->Ruthenibacterium_lactatiformans,,,0.0509824336662219,
Mordavella_sp_Marseille-P3756<-->Ruthenibacterium_lactatiformans,,,0.0781006718569306,
Butyricicoccus_pullicaecorum<-->Ruthenibacterium_lactatiformans,,,0.0951601749402063,
Clostridium_methylpentosum<-->Ruthenibacterium_lactatiformans,,,0.0847894739726437,
Flavonifractor_plautii<-->Ruthenibacterium_lactatiformans,,,0.0278728402478603,0.0544591581630302
Anaerotruncus_colihominis<-->Ruthenibacterium_lactatiformans,,,0.0688301107620053,
Intestinimonas_butyriciproducens<-->Ruthenibacterium_lactatiformans,,,0.0880045700455759,
Pseudoflavonifractor_capillosus<-->Ruthenibacterium_lactatiformans,,,0.10407036401461699,0.12571063822057002
Clostridiales_bacterium_CCNA10<-->Ruthenibacterium_lactatiformans,,,0.0312521175863322,
Anaerotignum_lactatifermentans<-->Ruthenibacterium_lactatiformans,,,0.137397077946103,
Angelakisella_massiliensis<-->Ruthenibacterium_lactatiformans,,,0.0936101066894829,
Oscillibacter_sp_PEA192<-->Ruthenibacterium_lactatiformans,,,0.0816500300104553,0.0871193054455417
Alistipes_ihumii<-->Alistipes_inops,,,0.152595922189105,
Clostridium_innocuum<-->Eubacterium_ramulus,,,0.0389142567876845,
Clostridium_innocuum<-->Hespellia_stercorisuis,,,0.0957689662259414,
Prevotella_ihumii<-->Prevotella_multisaccharivorax,,,0.0864505440183713,
Agathobaculum_desmolans<-->Blautia_producta,,,0.0499210683114729,
Blautia_producta<-->Blautia_sp_N6H1-15,,,0.0291410298441814,
Blautia_hansenii<-->Blautia_producta,,,0.134774776491121,
Anaerobutyricum_hallii<-->Blautia_producta,,,0.0663735189975301,
Blautia_producta<-->Ruminococcus_gnavus,,,0.0398873642655595,
Blautia_producta<-->Lachnospiraceae_bacterium_Choco86,,,0.10047573660636,
Blautia_producta<-->Clostridium_glycyrrhizinilyticum,,,0.0286395551357279,
Blautia_obeum<-->Blautia_producta,,,0.0557790555908031,
Blautia_producta<-->Lachnoclostridium_sp_YL32,,,0.0616767885480959,0.0169478598908809
Lachnoclostridium_sp_YL32<-->Ruminococcus_torques,,,0.0592457437891278,
Blautia_schinkii<-->Lachnoclostridium_sp_YL32,,,0.0725245512414981,
Agathobaculum_desmolans<-->Lachnoclostridium_sp_YL32,,,0.052218665704035,0.0729094518226068
Blautia_sp_N6H1-15<-->Lachnoclostridium_sp_YL32,,,0.0756831788562851,
Lachnoclostridium_sp_YL32<-->Sellimonas_intestinalis,,,0.076237879519787,0.0298322173820228
Blautia_hansenii<-->Lachnoclostridium_sp_YL32,,,0.0692005113202272,
Hungatella_hathewayi<-->Lachnoclostridium_sp_YL32,,,0.06634934074024298,0.0969413944047848
Cellulomonas_carbonis<-->Lachnoclostridium_sp_YL32,,,-0.07119920298857901,
Bacteroides_faecichinchillae<-->Lachnoclostridium_sp_YL32,,,0.0517821780826973,
Clostridium_glycyrrhizinilyticum<-->Lachnoclostridium_sp_YL32,,,0.0425229607144968,
Clostridium_asparagiforme<-->Lachnoclostridium_sp_YL32,,,0.0460225506952654,
Blautia_obeum<-->Lachnoclostridium_sp_YL32,,,0.0819072883556921,
Blautia_schinkii<-->Lachnoclostridium_phocaeense,,,0.0650552736053534,
Clostridium_phoceensis<-->Lachnoclostridium_phocaeense,,,0.0516601005367351,
Agathobaculum_desmolans<-->Lachnoclostridium_phocaeense,,,0.0455562700322362,0.048846927406335
Blautia_sp_N6H1-15<-->Lachnoclostridium_phocaeense,,,0.0554365184719905,
Lachnoclostridium_phocaeense<-->Lactonifactor_longoviformis,,,0.0940524183034566,
Lachnoclostridium_phocaeense<-->Pseudoflavonifractor_capillosus,,,0.0580453922098414,0.100775537667783
Anaerotignum_lactatifermentans<-->Lachnoclostridium_phocaeense,,,0.0775025103273631,
Collinsella_aerofaciens<-->Oscillibacter_sp_PEA192,,,0.0513522440827585,
Bacteroides_vulgatus<-->Eubacterium_ramulus,,,0.0376907487886474,
Eubacterium_ramulus<-->Hespellia_stercorisuis,,,0.10451678579356899,
Anaerobutyricum_hallii<-->Eubacterium_ramulus,,,0.0325630983455711,0.0489275764920999
Acetivibrio_ethanolgignens<-->Eubacterium_ramulus,,,0.0769790294532347,
Eubacterium_ramulus<-->Eubacterium_ventriosum,,,0.0762862539291509,
Eubacterium_plexicaudatum<-->Eubacterium_ramulus,,,0.0369602327652554,
Clostridium_sporogenes<-->Eubacterium_ramulus,,,0.0351470281789556,
Bacteroides_cellulosilyticus<-->Bacteroides_salyersiae,,,0.0372471513180476,
Bacteroides_cellulosilyticus<-->Paraprevotella_xylaniphila,,,-0.0675523656900876,
Anaerotruncus_colihominis<-->Subdoligranulum_variabile,,,0.0588059807247222,
Anaerotruncus_colihominis<-->Clostridium_asparagiforme,,,0.0489697621139985,
Ruminococcus_faecis<-->bacterium_LF-3,,,0.0558841933566223,
Anaerobutyricum_hallii<-->Ruminococcus_faecis,,,0.0153374446167246,0.0282614530217242
Roseburia_inulinivorans<-->Ruminococcus_faecis,,,0.0358580540447268,
Eubacterium_ventriosum<-->Ruminococcus_faecis,,,0.0853342500967691,
Clostridium_sporogenes<-->Ruminococcus_faecis,,,0.0886119836594729,
Lachnoanaerobaculum_saburreum<-->Ruminococcus_faecis,,,0.0553300611096857,
Anaerobutyricum_hallii<-->bacterium_LF-3,,,0.0326715408081119,
Anaerobutyricum_hallii<-->Blautia_sp_N6H1-15,,,0.0345331591193074,0.0523516345264013
Anaerobutyricum_hallii<-->Hespellia_stercorisuis,,,0.0360100670656787,
Acetivibrio_ethanolgignens<-->Anaerobutyricum_hallii,,,0.0494754035668993,
Anaerobutyricum_hallii<-->Lachnospiraceae_bacterium_Choco86,,,0.0746283133974199,0.0822176221276267
Anaerobutyricum_hallii<-->Clostridium_glycyrrhizinilyticum,,,0.102020754650757,0.0520603050989262
Anaerobutyricum_hallii<-->Blautia_obeum,,,0.15492518368129501,0.19669361677481897
Anaerobutyricum_hallii<-->Clostridium_sporogenes,,,0.08199875884138,
Anaerobutyricum_hallii<-->Dorea_formicigenerans,,,0.086381241888358,0.0305829176010515
Anaerobutyricum_hallii<-->Lachnoanaerobaculum_saburreum,,,0.0296876199193199,
Butyricicoccus_pullicaecorum<-->Subdoligranulum_variabile,,,0.0360568193510964,
Pseudoflavonifractor_capillosus<-->Subdoligranulum_variabile,,,0.10929125683766401,
Anaerotignum_lactatifermentans<-->Subdoligranulum_variabile,,,0.0782414388000222,
Angelakisella_massiliensis<-->Subdoligranulum_variabile,,,0.0542408079966682,
Butyricicoccus_pullicaecorum<-->Flavonifractor_plautii,,,0.0517904757222073,
Flavonifractor_plautii<-->Holdemania_massiliensis,,,0.22616962859716602,
Blautia_sp_N6H1-15<-->Lachnospiraceae_bacterium_Choco86,,,0.0280277651267372,0.0968157028293775
Hespellia_stercorisuis<-->Lachnospiraceae_bacterium_Choco86,,,0.0649576019860571,
Faecalicatena_contorta<-->Lachnospiraceae_bacterium_Choco86,,,0.0603658998798065,0.0943742297920575
Eubacterium_ventriosum<-->Lachnospiraceae_bacterium_Choco86,,,0.0337127292627749,
Blautia_obeum<-->Lachnospiraceae_bacterium_Choco86,,,0.0298858807053861,0.0326035148524223
Bittarella_massiliensis<-->Lachnoanaerobaculum_saburreum,,,-0.11323119399186099,
Lachnoanaerobaculum_saburreum<-->Ruminococcus_lactaris,,,0.0806079908083505,
Hespellia_stercorisuis<-->Lachnoanaerobaculum_saburreum,,,0.0460333851327162,
Lachnoanaerobaculum_saburreum<-->Roseburia_inulinivorans,,,0.070907346796774,
Acetivibrio_ethanolgignens<-->Lachnoanaerobaculum_saburreum,,,0.0860741637165251,
Eubacterium_ventriosum<-->Lachnoanaerobaculum_saburreum,,,0.0599564189656375,
Eubacterium_plexicaudatum<-->Lachnoanaerobaculum_saburreum,,,0.10641220910756698,
Lachnoanaerobaculum_saburreum<-->Roseburia_faecis,,,0.0615585495114294,
Lachnoanaerobaculum_saburreum<-->Roseburia_intestinalis,,,0.0529075572480818,
Dorea_formicigenerans<-->Lachnoanaerobaculum_saburreum,,,0.060923278133107,
Lachnoanaerobaculum_saburreum<-->Lactobacillus_rogosae,,,0.0258409858851879,
Bacteroides_pectinophilus<-->Lachnoanaerobaculum_saburreum,,,0.0873392681080533,
Clostridium_glycyrrhizinilyticum<-->Ruminococcus_torques,,,0.0333770739480944,
Blautia_sp_N6H1-15<-->Clostridium_glycyrrhizinilyticum,,,0.0664073039359379,0.113457461282252
Blautia_hansenii<-->Clostridium_glycyrrhizinilyticum,,,0.0706929667983864,0.102210929271418
Clostridium_glycyrrhizinilyticum<-->Faecalicatena_contorta,,,0.0717717661201689,0.061120077366554997
Bacteroides_fluxus<-->Clostridium_glycyrrhizinilyticum,,,0.0600593547208545,
Clostridium_glycyrrhizinilyticum<-->Odoribacter_splanchnicus,,,0.0375818914718387,
Clostridium_glycyrrhizinilyticum<-->Clostridium_symbiosum,,,0.0562547265865865,
Parabacteroides_johnsonii<-->Parabacteroides_sp_CT06,,,0.0466237979385136,
Eggerthella_lenta<-->Oscillibacter_sp_PEA192,,,0.0262349905145758,
Butyricicoccus_pullicaecorum<-->Oscillibacter_sp_PEA192,,,0.0430462790182285,
Anaerotignum_lactatifermentans<-->Oscillibacter_sp_PEA192,,,0.109489600472636,
Clostridium_asparagiforme<-->Oscillibacter_sp_PEA192,,,0.0599667183604997,0.0765887446200704
Eubacterium_eligens<-->Ruminococcus_lactaris,,,0.07173814605030901,
Roseburia_inulinivorans<-->Ruminococcus_lactaris,,,0.0649761499701264,
Acetivibrio_ethanolgignens<-->Ruminococcus_lactaris,,,0.0585096697010067,
Acetivibrio_ethanolgignens<-->Clostridium_sporogenes,,,0.0299760653462612,
Clostridium_sporogenes<-->Eubacterium_ventriosum,,,0.0527336689361738,
Clostridium_sporogenes<-->Dorea_formicigenerans,,,0.039986193013958,
Clostridium_sporogenes<-->Lactobacillus_rogosae,,,0.0760764387452678,
Clostridium_sporogenes<-->Erysipelotrichaceae_bacterium_GAM147,,,0.0541569901732546,
Barnesiella_viscericola<-->Coprobacter_secundus,,,0.0546634218696323,
Catonella_morbi<-->bacterium_LF-3,,,0.0324987839251697,
Catonella_morbi<-->Erysipelotrichaceae_bacterium_GAM147,,,0.10436875404032199,
Butyricicoccus_pullicaecorum<-->Pseudoflavonifractor_capillosus,,,0.0813503859770418,
Clostridium_methylpentosum<-->Pseudoflavonifractor_capillosus,,,0.0443454679979768,
Negativibacillus_massiliensis<-->Pseudoflavonifractor_capillosus,,,0.0869643211364476,0.12388358016213902
Anaerotignum_lactatifermentans<-->Pseudoflavonifractor_capillosus,,,0.053983306792380996,
Bacteroides_helcogenes<-->Bacteroides_zoogleoformans,,,0.13981809393034397,
Bacteroides_caecimuris<-->Bacteroides_zoogleoformans,,,0.0839061892719861,
Bacteroides_faecichinchillae<-->Bacteroides_zoogleoformans,,,0.0351555681544479,
Bacteroides_zoogleoformans<-->Roseburia_intestinalis,,,0.0641619291122937,
Blautia_sp_N6H1-15<-->Ruminococcus_gnavus,,,0.123145773696975,0.120506792739329
Blautia_sp_N6H1-15<-->Ruminococcus_torques,,,0.0422602696449211,0.0287259017204033
Parabacteroides_sp_CT06<-->Ruminococcus_torques,,,0.0633905900450066,
Blautia_obeum<-->Ruminococcus_torques,,,0.0517390409437139,
Bittarella_massiliensis<-->Roseburia_inulinivorans,,,-0.0382470520275007,
Bacteroides_caecimuris<-->Roseburia_inulinivorans,,,0.0452707215320101,
Hespellia_stercorisuis<-->Roseburia_inulinivorans,,,0.0329372197828002,
Acetivibrio_ethanolgignens<-->Roseburia_inulinivorans,,,0.0823521724458529,
Eubacterium_plexicaudatum<-->Roseburia_inulinivorans,,,0.14506555708875699,
Clostridium_symbiosum<-->Roseburia_inulinivorans,,,0.0286029298871449,
Roseburia_faecis<-->Roseburia_inulinivorans,,,0.0525242370830704,
Lactobacillus_rogosae<-->Roseburia_inulinivorans,,,0.11992883058979599,
Faecalicatena_contorta<-->Lactonifactor_longoviformis,,,0.123969816332319,
Bacteroides_salyersiae<-->Lactonifactor_longoviformis,,,0.0469624257134373,
Intestinimonas_butyriciproducens<-->Oscillibacter_ruminantium,,,0.125594324646341,
Dorea_formicigenerans<-->Oscillibacter_ruminantium,,,-0.0746026754403174,
Butyrivibrio_crossotus<-->Clostridium_leptum,,,-0.0415316195243983,
Anaerotignum_lactatifermentans<-->Clostridium_leptum,,,0.0856822425269849,
Clostridium_phoceensis<-->Haemophilus_parainfluenzae,,,-0.0869859530297663,
Alistipes_finegoldii<-->Clostridium_methylpentosum,,,0.0740535185095707,
Agathobaculum_desmolans<-->Eubacterium_plexicaudatum,,,0.0554991030242717,
Blautia_sp_N6H1-15<-->Eubacterium_plexicaudatum,,,0.0817010430697201,
Blautia_hansenii<-->Eubacterium_plexicaudatum,,,0.0580240593306741,
Clostridium_symbiosum<-->Eubacterium_plexicaudatum,,,0.0955410129555743,
Eubacterium_plexicaudatum<-->Marvinbryantia_formatexigens,,,0.0614504065280724,
Dorea_formicigenerans<-->Eubacterium_plexicaudatum,,,0.0309676983682744,
Bacteroides_pectinophilus<-->Eubacterium_plexicaudatum,,,0.0474293007475237,
Bacteroides_caecimuris<-->Massilioclostridium_coli,,,0.0697371209173885,
Acetivibrio_ethanolgignens<-->Bacteroides_caecimuris,,,0.0468403647899707,
Acetivibrio_ethanolgignens<-->Marvinbryantia_formatexigens,,,0.0349786915227164,
Bacteroides_fluxus<-->Blautia_hansenii,,,0.0591915561615567,
Erysipelotrichaceae_bacterium_GAM147<-->bacterium_LF-3,,,0.225265326162032,
Blautia_sp_N6H1-15<-->Tyzzerella_nexilis,,,0.0818084928644309,0.140979355098287
Blautia_hansenii<-->Tyzzerella_nexilis,,,0.0368631603057699,0.109457224432794
Bacteroides_faecichinchillae<-->Tyzzerella_nexilis,,,0.0533021778240234,
Bacteroides_pectinophilus<-->Butyrivibrio_crossotus,,,0.15743514431488,
Acetivibrio_ethanolgignens<-->bacterium_LF-3,,,0.0279888174302168,
Dorea_formicigenerans<-->bacterium_LF-3,,,0.0401113940391657,
Angelakisella_massiliensis<-->Intestinimonas_butyriciproducens,,,0.0546341012736877,
Cellulomonas_carbonis<-->Prevotella_timonensis,,,0.0679194535509113,
Acetivibrio_ethanolgignens<-->Lactobacillus_rogosae,,,0.15142448575184198,
Lactobacillus_rogosae<-->Schaalia_odontolytica,,,-0.0609250397141795,
Agathobaculum_desmolans<-->Blautia_hansenii,,,0.0998308574663951,
Agathobaculum_desmolans<-->Clostridium_symbiosum,,,0.0772044802097366,
Clostridium_phoceensis<-->Faecalibacterium_prausnitzii,,,0.0841358596390018,
Bacteroides_salyersiae<-->Blautia_schinkii,,,0.0485583602656853,
Anaerotignum_lactatifermentans<-->Bacteroides_salyersiae,,,0.11844899434844,
Butyricicoccus_pullicaecorum<-->Clostridiales_bacterium_CCNA10,,,0.0566362507318209,
Odoribacter_splanchnicus<-->Parabacteroides_distasonis,,,0.0616936581249899,
Alistipes_obesi<-->Cellulomonas_carbonis,,,-0.0480061927050898,
Bacteroides_vulgatus<-->Dorea_formicigenerans,,,0.0487795358143981,
Dorea_formicigenerans<-->Hespellia_stercorisuis,,,0.0309587780018028,
Dorea_formicigenerans<-->Eubacterium_ventriosum,,,0.0911496206119287,
Acetivibrio_ethanolgignens<-->Bittarella_massiliensis,,,-0.0526792952772537,
Acetivibrio_ethanolgignens<-->Bacteroides_helcogenes,,,0.0674876820558987,
Acetivibrio_ethanolgignens<-->Hespellia_stercorisuis,,,0.0620115457985303,
Acetivibrio_ethanolgignens<-->Bacteroides_thetaiotaomicron,,,0.0363555347399372,
Acetivibrio_ethanolgignens<-->Bacteroides_pyogenes,,,0.0946451967412496,
Acetivibrio_ethanolgignens<-->Eubacterium_ventriosum,,,0.0480798081462071,
Acetivibrio_ethanolgignens<-->Bacteroides_faecichinchillae,,,0.0381328760685212,
Acetivibrio_ethanolgignens<-->Schaalia_odontolytica,,,-0.0561800025804425,
Acetivibrio_ethanolgignens<-->Clostridium_symbiosum,,,0.0280799110148633,
Acetivibrio_ethanolgignens<-->Roseburia_faecis,,,0.0533298897636324,
Acetivibrio_ethanolgignens<-->Bacteroides_ovatus,,,0.0628546059940998,
Anaerotignum_lactatifermentans<-->Butyricicoccus_pullicaecorum,,,0.0421242752769744,
Bacteroides_thetaiotaomicron<-->Parabacteroides_sp_CT06,,,0.0409156017704642,
Clostridium_symbiosum<-->Faecalicatena_contorta,,,0.0759649823837919,
Bacteroides_barnesiae<-->Bacteroides_coprophilus,,,0.10188253221558999,0.0367518793341152
Anaerotignum_lactatifermentans<-->Blautia_schinkii,,,0.08635671001371902,
Bacteroides_helcogenes<-->Bacteroides_ovatus,,,0.0608782624076923,
Bacteroides_faecichinchillae<-->Bacteroides_ovatus,,,0.0399690905401992,
Bacteroides_caccae<-->Bacteroides_ovatus,,,0.0802403298143161,
Angelakisella_massiliensis<-->Negativibacillus_massiliensis,,,0.0444296064432879,
Bacteroides_faecichinchillae<-->Bacteroides_thetaiotaomicron,,,0.0235554905591891,0.0719890875277429
Blautia_sp_N6H1-15<-->Clostridium_scindens,,,0.0495311480727156,
Blautia_schinkii<-->Blautia_sp_N6H1-15,,,0.0492179764505926,
Blautia_hansenii<-->Blautia_sp_N6H1-15,,,0.060615032941653005,0.13333968464131302
Blautia_obeum<-->Blautia_sp_N6H1-15,,,0.08343456049433,0.0512620734829866
Clostridium_aminophilum<-->Stomatobaculum_longum,,,0.297680514478742,
Bacteroides_pyogenes<-->Butyricimonas_faecalis,,,0.0542418586722021,0.11765813001797899
Blautia_schinkii<-->Hungatella_hathewayi,,,0.0425860358326066,
Mediterranea_massiliensis<-->Prevotella_multisaccharivorax,,,0.0253263658283287,
Bacteroides_helcogenes<-->Bacteroides_vulgatus,,,0.0406140530400347,
Blautia_hansenii<-->Blautia_obeum,,,0.0545643343196943,0.0290369766274487
Blautia_obeum<-->Hespellia_stercorisuis,,,0.0379986104635524,
Bacteroides_pectinophilus<-->Hespellia_stercorisuis,,,0.0460719344217222,
Blautia_hansenii<-->Faecalitalea_cylindroides,,,0.0381913058502485,
Alistipes_shahii<-->Angelakisella_massiliensis,,,0.0237281388795793,
Blautia_hansenii<-->Clostridium_symbiosum,,,0.0897723002859379,
Bacteroides_stercoris<-->Bacteroides_vulgatus,,,,0.0560276311595488
Streptococcus_sp_A12<-->Streptococcus_sp_FDAARGOS_192,,,,0.0856764427855996
Emergencia_timonensis<-->Massilioclostridium_coli,,,,0.0504588455399053
Clostridium_innocuum<-->Emergencia_timonensis,,,,0.0500627473774112
Emergencia_timonensis<-->Hungatella_hathewayi,,,,0.0421109468460137
Emergencia_timonensis<-->Subdoligranulum_variabile,,,,0.0928885995161227
Emergencia_timonensis<-->Lachnoclostridium_phocaeense,,,,0.0689722056573171
Absiella_dolichum<-->Emergencia_timonensis,,,,0.07031350322952801
Agathobaculum_desmolans<-->Merdimonas_faecis,,,,0.0523684072669199
Flavonifractor_plautii<-->Merdimonas_faecis,,,,0.0325280901157158
Clostridium_innocuum<-->Merdimonas_faecis,,,,0.0797436741813268
Hungatella_hathewayi<-->Merdimonas_faecis,,,,0.0283942620967314
Merdimonas_faecis<-->Pseudoflavonifractor_capillosus,,,,0.061086157751722
Clostridium_bolteae<-->Merdimonas_faecis,,,,0.0334464395538902
Merdimonas_faecis<-->Ruthenibacterium_lactatiformans,,,,0.0611036381888857
Lachnoclostridium_phocaeense<-->Merdimonas_faecis,,,,0.13965136053339497
Clostridium_bolteae<-->Eggerthella_lenta,,,,0.0253222786129621
Blautia_producta<-->Clostridium_bolteae,,,,0.043134532063886004
Clostridium_bolteae<-->Sellimonas_intestinalis,,,,0.0407830667964661
Clostridium_bolteae<-->Massilioclostridium_coli,,,,0.0719752626592231
Clostridium_bolteae<-->Clostridium_innocuum,,,,0.0731350378106833
Clostridium_bolteae<-->Hungatella_hathewayi,,,,0.0982429116331458
Clostridium_asparagiforme<-->Clostridium_bolteae,,,,0.0804655662555507
Clostridium_bolteae<-->Oscillibacter_ruminantium,,,,-0.026783579990224
Clostridium_bolteae<-->Lachnoclostridium_phocaeense,,,,0.028535545417939998
Bacteroides_dorei<-->Bacteroides_uniformis,,,,0.039213212959206004
Bacteroides_uniformis<-->Parabacteroides_distasonis,,,,0.0880598925461356
Schaalia_odontolytica<-->Streptococcus_sp_oral_taxon_431,,,,0.0405614711457697
Blautia_hansenii<-->Ruminococcus_champanellensis,,,,-0.0217569393119703
Ruminococcus_champanellensis<-->Ruminococcus_gnavus,,,,-0.0606024223244731
Clostridium_glycyrrhizinilyticum<-->Ruminococcus_champanellensis,,,,-0.0291283971769374
Oscillibacter_ruminantium<-->Ruminococcus_champanellensis,,,,0.111428272157229
Lachnoclostridium_sp_YL32<-->Ruminococcus_champanellensis,,,,-0.0525590031290776
Eubacterium_siraeum<-->Ruminococcus_champanellensis,,,,0.042385508168615
Bifidobacterium_adolescentis<-->Bifidobacterium_longum,,,,0.0513466050501559
Hungatella_hathewayi<-->Ruthenibacterium_lactatiformans,,,,0.0575100439970314
Lachnoclostridium_phocaeense<-->Ruthenibacterium_lactatiformans,,,,0.0495533720027693
Agathobaculum_desmolans<-->Clostridium_innocuum,,,,0.0789543418998799
Clostridium_innocuum<-->Sellimonas_intestinalis,,,,0.0708513983295649
Clostridium_innocuum<-->Flavonifractor_plautii,,,,0.0478358649547284
Clostridium_innocuum<-->Massilioclostridium_coli,,,,0.0611169611456783
Clostridium_innocuum<-->Hungatella_hathewayi,,,,0.0665793113671592
Clostridium_innocuum<-->Lachnoclostridium_phocaeense,,,,0.0826399938617016
Clostridium_innocuum<-->Lachnoclostridium_sp_YL32,,,,0.0600776383572484
Blautia_producta<-->Clostridium_saccharogumia,,,,0.10373825590798501
Anaerobutyricum_hallii<-->Fusicatenibacter_saccharivorans,,,,0.0459522744517046
Clostridium_citroniae<-->Lachnoclostridium_sp_YL32,,,,0.112498036871847
Flavonifractor_plautii<-->Lachnoclostridium_sp_YL32,,,,0.0953066561308402
Lachnoclostridium_sp_YL32<-->Massilioclostridium_coli,,,,0.019846770185876998
Lachnoclostridium_sp_YL32<-->Ruminococcus_gnavus,,,,0.0420063088733897
Bacteroides_fragilis<-->Lachnoclostridium_sp_YL32,,,,0.0587236230888006
Clostridium_symbiosum<-->Lachnoclostridium_sp_YL32,,,,0.0421912878253877
Lachnoclostridium_sp_YL32<-->Oscillibacter_ruminantium,,,,-0.0249926107702656
Lachnoclostridium_phocaeense<-->Lachnoclostridium_sp_YL32,,,,0.0211399772825921
Lachnoclostridium_phocaeense<-->Sellimonas_intestinalis,,,,0.0547153598799836
Lachnoclostridium_phocaeense<-->Massilioclostridium_coli,,,,0.0685615456881011
Hungatella_hathewayi<-->Lachnoclostridium_phocaeense,,,,0.087966028078146
Lachnoclostridium_phocaeense<-->Subdoligranulum_variabile,,,,0.0769466447098681
Clostridium_asparagiforme<-->Lachnoclostridium_phocaeense,,,,0.0422722564818016
Blautia_sp_N6H1-15<-->Eubacterium_ramulus,,,,0.0747000213056972
Blautia_hansenii<-->Eubacterium_ramulus,,,,0.0612564951034511
Bacteroides_cellulosilyticus<-->Butyricimonas_faecalis,,,,0.0943877382716807
Anaerotruncus_colihominis<-->Blautia_schinkii,,,,0.0941434376412075
Anaerotruncus_colihominis<-->Clostridium_symbiosum,,,,0.180167551356543
Anaerobutyricum_hallii<-->Ruminococcus_lactaris,,,,0.0383294128243613
Agathobaculum_desmolans<-->Subdoligranulum_variabile,,,,0.0714675316853918
Absiella_dolichum<-->Subdoligranulum_variabile,,,,0.0781226198151444
Eggerthella_lenta<-->Flavonifractor_plautii,,,,0.0730105778530228
Flavonifractor_plautii<-->Sellimonas_intestinalis,,,,0.0744825150861196
Clostridium_citroniae<-->Flavonifractor_plautii,,,,0.11692128760046801
Flavonifractor_plautii<-->Massilioclostridium_coli,,,,0.0251577986337441
Flavonifractor_plautii<-->Hungatella_hathewayi,,,,0.0558288263222391
Clostridium_asparagiforme<-->Flavonifractor_plautii,,,,0.0474183881807565
Blautia_hansenii<-->Lachnospiraceae_bacterium_Choco86,,,,0.0488687785501173
Lachnospiraceae_bacterium_Choco86<-->Neglecta_timonensis,,,,-0.0327954951941791
Lachnospiraceae_bacterium_Choco86<-->Ruminococcus_gnavus,,,,0.0724587485093424
Bacteroides_fragilis<-->Clostridium_glycyrrhizinilyticum,,,,0.0410139853987272
Clostridium_glycyrrhizinilyticum<-->Oscillibacter_ruminantium,,,,-0.0237381597857795
Eubacterium_coprostanoligenes<-->Levyella_massiliensis,,,,0.0551657495728772
Eubacterium_coprostanoligenes<-->Oscillibacter_ruminantium,,,,0.0607685785057141
Eubacterium_siraeum<-->Ruminococcus_bromii,,,,0.0642194841401993
Clostridium_asparagiforme<-->Pseudoflavonifractor_capillosus,,,,0.07166856736289098
Clostridium_asparagiforme<-->Clostridium_citroniae,,,,0.0753110984475613
Clostridium_asparagiforme<-->Hungatella_hathewayi,,,,0.0772990988103718
Ruminococcus_gnavus<-->Ruminococcus_torques,,,,0.0483822922690271
Mogibacterium_diversum<-->Ruminococcus_gnavus,,,,0.0434069791872466
Bacteroides_caecimuris<-->Ruminococcus_gnavus,,,,0.0270037014343702
Blautia_hansenii<-->Ruminococcus_gnavus,,,,0.101440107966385
Faecalicatena_contorta<-->Ruminococcus_gnavus,,,,0.0570338521282933
Bacteroides_thetaiotaomicron<-->Ruminococcus_gnavus,,,,0.0434259565128634
Ruminococcus_gnavus<-->Schaalia_odontolytica,,,,0.068524962462726
Oscillibacter_ruminantium<-->Ruminococcus_gnavus,,,,-0.070459263342357
Mogibacterium_diversum<-->Schaalia_odontolytica,,,,0.13674346046001198
Blautia_hansenii<-->Ruminococcus_torques,,,,0.0292509008263324
Angelakisella_massiliensis<-->Lactonifactor_longoviformis,,,,0.11540856977134199
Blautia_sp_N6H1-15<-->Oscillibacter_ruminantium,,,,-0.0391144858035492
Bittarella_massiliensis<-->Clostridium_leptum,,,,0.0902075702059264
Bacteroides_caecimuris<-->Bacteroides_vulgatus,,,,0.073497015622343
Bacteroides_caecimuris<-->Blautia_sp_N6H1-15,,,,0.0487161245973496
Bacteroides_caecimuris<-->Bacteroides_dorei,,,,0.11343934995974
Faecalicatena_contorta<-->Tyzzerella_nexilis,,,,0.0778194487345275
Schaalia_odontolytica<-->Tyzzerella_nexilis,,,,0.025545903431897006
Butyrivibrio_crossotus<-->Lactobacillus_rogosae,,,,0.0717000644356219
Clostridium_citroniae<-->Clostridium_phoceensis,,,,0.0467847503438474
Agathobaculum_desmolans<-->Clostridium_citroniae,,,,0.0959795261333144
Clostridium_citroniae<-->Massilioclostridium_coli,,,,0.0514058398135721
Clostridium_citroniae<-->Hungatella_hathewayi,,,,0.12283476951629
Agathobaculum_desmolans<-->Hungatella_hathewayi,,,,0.0656202773537417
Absiella_dolichum<-->Agathobaculum_desmolans,,,,0.10550254530697599
Bacteroides_salyersiae<-->Bacteroides_vulgatus,,,,0.0554514254994748
Bacteroides_nordii<-->Bacteroides_salanitronis,,,,0.0717346658334724
Blautia_sp_N6H1-15<-->Dorea_formicigenerans,,,,0.0298199634020986
Bacteroides_dorei<-->Parabacteroides_sp_CT06,,,,0.0268463981518765
Blautia_sp_N6H1-15<-->Faecalicatena_contorta,,,,0.0806912702856675
Blautia_hansenii<-->Faecalicatena_contorta,,,,0.0449563316576528
Bacteroides_fragilis<-->Blautia_sp_N6H1-15,,,,0.0411605771601283
Bacteroides_fragilis<-->Bacteroides_thetaiotaomicron,,,,0.0395603860377577
Ruminococcus_bicirculans<-->Ruminococcus_flavefaciens,,,,0.0529606968091138
Bacteroides_dorei<-->Bacteroides_thetaiotaomicron,,,,0.056701427781683
Blautia_sp_N6H1-15<-->Schaalia_odontolytica,,,,0.0214180815564636
Bacteroides_pectinophilus<-->Blautia_sp_N6H1-15,,,,0.0295139652402904
Absiella_dolichum<-->Hungatella_hathewayi,,,,0.0615978313878527
Hungatella_hathewayi<-->Massilioclostridium_coli,,,,0.07103273585969501
Granulicatella_adiacens<-->Schaalia_odontolytica,,,,0.0557945683056357
Blautia_schinkii<-->Clostridium_symbiosum,,,,0.137952874736755
Clostridium_scindens<-->Faecalitalea_cylindroides,,,,0.138929222648918
Clostridium_symbiosum<-->Hungatella_hathewayi,,,,0.0751610222224894
Bacteroides_salanitronis<-->Bacteroides_vulgatus,,,,0.0405412747183128
